"image","xmin","ymin","xmax","ymax","label"
"41363782_3.jpg",30.886777052238806,186.43791993281076,154.50209888059703,309.0565509518477,"Cat_Face"
"41380345_1.jpg",173.71744996075353,5.308650615901456,497.545096644427,380.2806550951848,"Cat_Face"
"41399000_3.jpg",634.0841197807248,12.49468085106383,2674.0164087119224,2282.146276595745,"Cat_Face"
"41399675_4.jpg",0,495.5652295632699,2248.0783006056445,2726.4154535274356,"Cat_Face"
"41384102_0.jpg",869.1129233067729,1399.776875699888,2919.782308266932,3144.589305711086,"Cat_Face"
"41431781_1.jpg",109.87736238978216,50.40343295072788,336.43611417271785,283.47811100223964,"Cat_Face"
"41407826_3.jpg",325.50505514705884,200.0261451917693,1656.5981158088236,1501.408402155655,"Cat_Face"
"41407216_4.jpg",602.0496268656717,1974.3586226203806,1138.9189365671643,2555.503639417693,"Cat_Face"
"41448249_0.jpg",129.52259094427245,34.975941349384094,1164.0563080495356,1114.7987821948489,"Cat_Face"
"41448151_1.jpg",419.2908582089553,741.2376819708846,2350.211473880597,2690.3751399776033,"Cat_Face"
"36197253_1.jpg",3.7933555495103377,11.133622887529137,403.4497840723613,350.51927629662003,"Cat_Face"
"36507525_0.jpg",158.1070458074534,390.6774475524476,383.6092779503105,596.048951048951,"Cat_Face"
"36237232_0.jpg",413.53428259408605,2.509423828125,1191.2956275201614,769.840283203125,"Cat_Face"
"41451876_3.jpg",213.81656172263683,72.52192603643216,705.1898709577115,613.9272338253769,"Cat_Face"
"36396950_2.jpg",1307.2002726750861,6.676537004662005,2136,890.192162004662,"Cat_Face"
"37118371_1.jpg",256.235546875,9.597225765306122,414.44680779569893,162.02761479591837,"Cat_Face"
"37240592_0.jpg",683.111559139785,35.6464899713467,1225.6451612903224,597.9248746418338,"Cat_Face"
"37305901_3.jpg",59.78529283216783,254.7525131118881,574.9349868881119,821.7072770979021,"Cat_Face"
"36862739_4.jpg",172.26125776397515,323.31293706293707,836.5003881987577,967.0104895104896,"Cat_Face"
"37208606_0.jpg",248.83736559139786,50.51020027998555,1395.383064516129,1191,"Cat_Face"
"38186892_3.jpg",248.4415322580645,4.862903225806451,475.46370967741933,234.57661290322582,"Cat_Face"
"41495352_4.jpg",115.34945580267136,52.845792798152296,289.638431672127,254.964178856383,"Cat_Face"
"41470838_3.jpg",297.26299854828846,6.5739825377939525,725.2552433526894,476.68001119820826,"Cat_Face"
"41496378_0.jpg",293.8629516086498,81.51402838045912,749.5681203850211,483.5537645226764,"Cat_Face"
"37463445_0.jpg",29.60897435897435,0,3445.407925407925,3209.547785547785,"Cat_Face"
"41520000_4.jpg",269.50497017892644,433.5946248600223,619,854.8615971444565,"Cat_Face"
"41515296_1.jpg",292.4494505879059,133.15648183790594,838.7718277575586,799.6679206326987,"Cat_Face"
"41497536_4.jpg",605.4699626865672,182.84462486002238,2054.8108208955227,1873.6150615901454,"Cat_Face"
"41511279_1.jpg",186.6292641932271,1244.8143896976483,930.6579307768925,1980.8138297872338,"Cat_Face"
"38460999_2.jpg",1415.8165137614678,309.8195718654434,2549.334862385321,1497.5500764525991,"Cat_Face"
"41520028_3.jpg",315.42770380434786,0,518.0641100543479,182.91013437849944,"Cat_Face"
"41534592_4.jpg",611.4396582189014,44.38176935369318,1067.509308107835,610.3892711292613,"Cat_Face"
"41534592_4.jpg",136.88804397213246,134.584716796875,669.9605493992326,746.8345569957386,"Cat_Face"
"41562077_4.jpg",1899.2040302267,144.50139977603584,3118.4471032745587,1335.1828807390818,"Cat_Face"
"41520708_1.jpg",325.5357904634491,164.84280646135267,729.5388763378432,510.3359469353865,"Cat_Face"
"41556057_1.jpg",1015.9513327948304,342.8552667025862,1774.775646203554,1203.042025862069,"Cat_Face"
"41556057_1.jpg",1875.1532714054927,305.5338766163793,2627.89640549273,1116.2048760775863,"Cat_Face"
"41556057_1.jpg",2362.5254442649434,896.260708512931,2973.6712439418416,1501.3840247844828,"Cat_Face"
"41603020_4.jpg",330.2938432835821,40.09518477043673,480,285.12877939529676,"Cat_Face"
"41630245_0.jpg",63.70643197088466,4.991951287793953,889.9570443729003,825.0341195408735,"Cat_Face"
"41631823_1.jpg",1849.0092891760905,31.898841594827587,3112.342487883683,1250.724811422414,"Cat_Face"
"41631541_2.jpg",281.4548507462687,0,3017.0182835820897,2465.924412094065,"Cat_Face"
"41585336_0.jpg",857.909733441034,831.9109090909092,2193.6573101777058,2313.0490909090913,"Cat_Face"
"41660105_4.jpg",367.45605468749994,185.57938479843224,2005.723828125,1793.6282369820829,"Cat_Face"
"41648236_1.jpg",227.82071528453307,43.62412076567749,945.1656850376945,765.8500577407615,"Cat_Face"
"41678226_3.jpg",409.75270522388064,826.2312430011198,1420.2856343283584,1761.3191489361702,"Cat_Face"
"41660642_3.jpg",449.4702547592385,127.09350503919373,2383.1090425531916,1771.4384798432252,"Cat_Face"
"41681726_2.jpg",1439.97901119403,9.94736842105263,2821.2481343283584,1651.8099104143337,"Cat_Face"
"41713741_0.jpg",11.394610164141413,10.644929311310191,151.09769570707073,143.34231522956327,"Cat_Face"
"41717621_3.jpg",272.76302366702936,15.436060855263158,689.307433351469,461.12636478163495,"Cat_Face"
"41699156_4.jpg",169.71506462035543,228.06545454545457,637.1552907915994,725.929090909091,"Cat_Face"
"41684539_1.jpg",798.7162849378882,14.579367301231802,2199.6287364130435,1575.9754251819709,"Cat_Face"
"41707391_1.jpg",565.8521684737282,387.44213675811875,1049.666805671393,871.7309368001121,"Cat_Face"
"41707391_1.jpg",487.2969140950792,118.02951777715566,784.4076313594662,415.85767777155655,"Cat_Face"
"41735404_0.jpg",422.2103274559194,0,808.7248110831235,294.6070128779395,"Cat_Face"
"41754723_4.jpg",216.2080314390121,87.90873460246361,390.21715127268146,326.01063829787233,"Cat_Face"
"41754478_3.jpg",260.9680970149254,701.1131019036953,1358.737220149254,1698.6189809630457,"Cat_Face"
"41754478_3.jpg",1599.1480410447762,303.41237402015673,2853.000839552239,1516.726763717805,"Cat_Face"
"41747184_0.jpg",401.8963893249607,43.84169407894737,1388.3736263736262,1095.759684700448,"Cat_Face"
"41750991_4.jpg",329.37618980963043,671.323908174692,1036.6799412094065,1371.967105263158,"Cat_Face"
"41782263_2.jpg",304.81623134328356,319.9426091825308,558.2686567164179,565.6578947368421,"Cat_Face"
"41781845_2.jpg",360.38413098236776,107.4020156774916,555.6528127623845,302.1353583426652,"Cat_Face"
"41813105_2.jpg",541.2945895522389,0,2213.6096082089553,1282.9459686450166,"Cat_Face"
"41764740_0.jpg",146.76857682619647,116.39214725643897,469.88161209068005,432.2045597704368,"Cat_Face"
"41771542_0.jpg",957.5629722921914,0,2606.750629722922,1574.6472564389699,"Cat_Face"
"41815855_2.jpg",163.85192452502318,39.63006543952967,276.50934748609825,132.75563409854422,"Cat_Face"
"41815855_2.jpg",88.5509079587581,46.41241776315789,183.39166039156626,126.97062220044792,"Cat_Face"
"41815855_2.jpg",4.387475382298424,69.4573243281075,88.47000260658017,150.28454822228443,"Cat_Face"
"41816858_1.jpg",116.26049832026877,6.85540313549832,442.4538073908175,341.3969764837626,"Cat_Face"
"41829703_2.jpg",714.1235864297254,98.28078598484848,1120.6663974151859,557.2044791666667,"Cat_Face"
"41813890_2.jpg",982.874941552369,65.94288913773796,2049.6339230049875,1065.204927211646,"Cat_Face"
"41835431_3.jpg",495.6842350746269,13.13969764837626,2552.575466417911,1543.9056550951848,"Cat_Face"
"41836225_3.jpg",330.20185441868284,18.67284609462486,716.7258064516129,428.2984235022396,"Cat_Face"
"41850983_1.jpg",11.191051136363637,85.23180291153416,450.38387784090907,467.311485162374,"Cat_Face"
"41870382_2.jpg",237.9413456603558,217.49383223684208,342.8631493784215,305.1295230263158,"Cat_Face"
"41870382_2.jpg",66.70410869069343,157.69942434210526,205.7943908245894,273.7972861842105,"Cat_Face"
"41870880_3.jpg",201.0810810810811,2.22464218225084,887.6560196560197,658.6218636268197,"Cat_Face"
"41871231_3.jpg",468.5592509626777,0,2343.1183908471567,1965.966055431131,"Cat_Face"
"41872317_3.jpg",142.64375131082213,73.86355683090706,440.2328151216442,359.2512073068309,"Cat_Face"
"41872353_3.jpg",810.701913368336,254.93234536082474,1716.0358945880453,956.0968105670104,"Cat_Face"
"41871373_3.jpg",602.310447761194,744.2329227323628,906.3402985074626,1058.4456886898097,"Cat_Face"
"41883922_3.jpg",532.9024253731343,1470.476203807391,1509.3621268656716,2465.4188129899217,"Cat_Face"
"41872467_3.jpg",424.3476159793814,540.4506885148377,970.0386597938143,1074.85350906355,"Cat_Face"
"41890574_1.jpg",118.37111670864819,111.30949048152296,431.5449202350965,398.0312150055991,"Cat_Face"
"41918747_0.jpg",361.2508925571237,34.13406354983203,963.4912529401881,588.5393555781075,"Cat_Face"
"41904208_3.jpg",1298.5484797297297,210.49096269596868,2460.159828969595,1264.5059315509518,"Cat_Face"
"41904849_1.jpg",1538.3076913368336,45.56003289473684,2446.8075398828755,1033.0577981979404,"Cat_Face"
"41932243_4.jpg",11.150652985074627,791.9372900335944,1145.5522388059703,1945.0503919372895,"Cat_Face"
"41949641_4.jpg",839.0625,52.201086576147816,1137.0765186915887,376.60537688969765,"Cat_Face"
"41938271_2.jpg",95.36199796931407,80.21451567749159,413.8085232400722,396.5530515117581,"Cat_Face"
"41949290_3.jpg",1401.6148320895525,465.6567749160134,2605.3262126865675,1793.6304591265396,"Cat_Face"
"41956005_0.jpg",2.9632009345794392,82.46040383538633,1602,1704.8184140537514,"Cat_Face"
"41951715_1.jpg",432.5517917133259,368.6875699888018,1577.0415033594625,1632.7308930571107,"Cat_Face"
"41961414_3.jpg",446.72003604423287,928.6252974524077,1918.9859147536395,2250.1733272676374,"Cat_Face"
"41973882_4.jpg",103.32369087837836,10.750279955207168,1314.2851914414414,1344.7928331466965,"Cat_Face"
"41964776_2.jpg",785.1315913752159,255.9507278835386,2364.604011496114,1884.0562709966403,"Cat_Face"
"41966708_1.jpg",506.83410122863245,74.42055833566629,1802.1232305021367,1397.7698505739081,"Cat_Face"
"41971313_4.jpg",798.066604477612,817.8006718924971,2115.213246268657,2262.3384658454643,"Cat_Face"
"42005809_4.jpg",237.25647465670437,146.58852974828375,414.37354856623585,316.391590389016,"Cat_Face"
"41988985_3.jpg",142.37970986135957,7.851510008398656,912.4888332960643,830.2298957166854,"Cat_Face"
"41979461_2.jpg",1728.234829361874,21.95851494396015,2245.5539554725365,578.4366827521793,"Cat_Face"
"41979461_2.jpg",97.23703806542811,562.351844645081,685.0294704159936,1140.9316041407224,"Cat_Face"
"41995836_4.jpg",968.0244337248322,370.996290593505,2218.885067114094,1856.502309630459,"Cat_Face"
"42000394_0.jpg",486.95708955223887,641.9403695408733,2034.5708955223881,2291.0165173572227,"Cat_Face"
"42029085_0.jpg",82.83521809369951,110.91854063275436,329.9777867528271,397.3276452000621,"Cat_Face"
"42051854_2.jpg",70.14301539179104,0,660.5759678171642,518.0606103023516,"Cat_Face"
"42051951_3.jpg",750.3053171641792,852.2637178051511,1816.4275186567165,1854.2141657334826,"Cat_Face"
"42051951_3.jpg",1859.128824626866,406.8367861142217,2411.2838619402987,1038.7592385218363,"Cat_Face"
"42060213_2.jpg",926.7875932835822,824.7497200447928,2305.182929104478,2381.459966405375,"Cat_Face"
"42006955_1.jpg",476.3787313432836,15.097424412094064,2201.7618470149255,1818.7281634938408,"Cat_Face"
"42081567_0.jpg",273.9503247613998,1.1724261618141099,1080,799.5767427211647,"Cat_Face"
"42094805_0.jpg",89.02698863636364,122.86842105263158,1075.127840909091,1037.1924692049272,"Cat_Face"
"42092534_4.jpg",607.9689105308219,38.31658559630459,2018.722522474315,1528.6104204577266,"Cat_Face"
"42093021_2.jpg",495.80285904255317,296.9207114361702,1343.230551861702,1151.354720744681,"Cat_Face"
"42066941_4.jpg",2162.1106343283586,1112.0064389697648,3024.0000000000005,2278.2648376259795,"Cat_Face"
"42066941_4.jpg",36.10746268656717,1945.7158454647251,1320.760914179105,3371.8404255319138,"Cat_Face"
"42105678_3.jpg",197.4349286314022,183.95576707726764,380.2581863979849,366.76511758118704,"Cat_Face"
"42095209_1.jpg",1308.6371780515117,601.7581187010079,2672.627659574468,2063.4652855543113,"Cat_Face"
"42095805_2.jpg",1416.029959581467,236.65628499440092,2570.508464270717,1354.8085368840987,"Cat_Face"
"42095367_3.jpg",1222.2866741321388,241.0929451287794,2565.9804031354984,1765.330347144457,"Cat_Face"
"42097129_4.jpg",1008.6724555735057,349.005,3414.6753331987074,2852.22,"Cat_Face"
"42105688_2.jpg",322.6637279596977,126.55515117581187,512.5965575146936,325.38283874580065,"Cat_Face"
"42107291_0.jpg",579.272670025189,2.5195968645016795,881.6971032745593,297.2620380739082,"Cat_Face"
"42105742_4.jpg",164.3211840770791,73.95826042833147,305.9310265593306,219.93196651035836,"Cat_Face"
"42106926_3.jpg",233.21194029850747,252.33146696528556,550.5,564.8107502799552,"Cat_Face"
"42109328_0.jpg",152.6080457601537,3.605543113101904,878.7976511045555,748.4374300111982,"Cat_Face"
"42114081_2.jpg",283.3879093198992,116.43687010078388,500.87741393786735,352.7771556550952,"Cat_Face"
"42115511_2.jpg",196.40607502799554,223.25552911534155,271.38332866741325,312.06082026875697,"Cat_Face"
"42136257_4.jpg",370.8972033514493,38.517943379059346,868.6848618659421,560.4890467525196,"Cat_Face"
"42110079_4.jpg",0,0,846.7603998384492,795.0293706293706,"Cat_Face"
"42110079_4.jpg",1791.5183259289176,311.94965034965037,2562.7998157310176,1132.548251748252,"Cat_Face"
"42130199_1.jpg",1657.9851070274635,56.76,3248.5124697092083,1818.75,"Cat_Face"
"42146862_2.jpg",480.6209612277868,107.49981606257745,803.2239499192247,416.3000600216853,"Cat_Face"
"42146862_2.jpg",131.483239095315,13.999186802973979,468.6136914378029,361.7002013630731,"Cat_Face"
"42146728_0.jpg",265.2257462686567,134.501679731243,731.4011194029849,644.3617021276596,"Cat_Face"
"42168196_1.jpg",3.1966882067851374,61.26371905193236,124.15286752827141,173.4499641455314,"Cat_Face"
"42148574_2.jpg",112.16277263133207,158.02042798152294,689.2038065783302,751.1898402505599,"Cat_Face"
"42148574_2.jpg",1242.1988010084428,72.45738556830906,1813.721886726079,765.3036245450728,"Cat_Face"
"42158075_3.jpg",161.31229003359462,39.14390572508399,1016.5463150895857,969.2681795912654,"Cat_Face"
"42176225_3.jpg",59.92542613636364,3.361474664053752,198.15995831780924,156.5028389207727,"Cat_Face"
"42177253_2.jpg",55.39441464552239,72.38199450587906,165.20668143656718,194.17182688269878,"Cat_Face"
"42184466_1.jpg",133.52742714560205,74.67094327407614,1660.31811419193,1796.6841711576146,"Cat_Face"
"42176238_4.jpg",345.5164470856258,71.9097188199888,1216.91023684663,1125.6234252519596,"Cat_Face"
"42183205_4.jpg",799.3056670489298,284.4221724524076,1698.324159021407,1305.7357222844344,"Cat_Face"
"42207066_1.jpg",141.3868764013453,7.613381858902576,468.5187780269058,400.30095184770437,"Cat_Face"
"42207248_0.jpg",191.57462686567163,192.74916013437849,418.7042910447761,406.8309070548712,"Cat_Face"
"42208941_2.jpg",299.12279501216545,86.85549062150056,459.80717761557173,256.52837171052636,"Cat_Face"
"42206608_1.jpg",228.34503424657532,98.93498915173573,590.1155821917807,547.9328807390817,"Cat_Face"
"42191198_0.jpg",726.272040302267,108.8125699888018,1877.3841309823677,1310.0234462486003,"Cat_Face"
"42243182_1.jpg",250.3760952419705,66.13405917553192,436.5696072048611,273.7117686170213,"Cat_Face"
"42216995_0.jpg",334.89294710327454,38.152995520716686,520.6171284634761,217.13675811870104,"Cat_Face"
"42215293_1.jpg",82.52916987038664,26.64720394736842,351.4026526801406,297.26973684210526,"Cat_Face"
"42252457_1.jpg",434.44889256619143,10.874860022396417,2329.6448574338083,1782.6560750279955,"Cat_Face"
"42253936_4.jpg",258.570568647541,227.1789263717805,2048.6232069672133,2137.655900055991,"Cat_Face"
"42288848_0.jpg",258.60167910447757,143.13549832026877,430.90858208955217,327.49440089585664,"Cat_Face"
"42322241_4.jpg",16.03213355654762,94.24972004479282,616.2270895337301,651.097424412094,"Cat_Face"
"42306374_1.jpg",160.9468410326087,118.80101308790593,539.6942934782609,528.0936581396977,"Cat_Face"
"42254755_1.jpg",403.9423278757347,3.0279255319148937,2335.84214945424,2005.4030480123179,"Cat_Face"
"42314203_4.jpg",789.2513059701494,686.2978723404254,2088.256063432836,2039.8278275475923,"Cat_Face"
"42322632_3.jpg",308.6445895522388,164.3868980963046,560.2248134328358,463.4756438969765,"Cat_Face"
"42353388_3.jpg",574.0158582089553,639.0957446808511,749.951026119403,832.8667413213886,"Cat_Face"
"42352830_3.jpg",1027.7301231802912,53.463325867861144,1599.659294512878,713.7404815229563,"Cat_Face"
"42352793_3.jpg",416.4331606942889,222.17693169092945,2069.2388017917133,2037.2792553191491,"Cat_Face"
"42346089_0.jpg",529.9821790540541,133.66235652295634,2084.427364864865,1754.272501399776,"Cat_Face"
"42375742_0.jpg",434.6058984047019,52.121535554311315,711.4399664147775,364.0528765397537,"Cat_Face"
"42373217_2.jpg",344.6690929451288,214.20675566909296,1663.3138385358343,1574.6517444708845,"Cat_Face"
"42381736_4.jpg",947.3234961190168,281.60264732642776,1900.9228452457955,1370.628079507279,"Cat_Face"
"42404344_2.jpg",0,96.02130920683857,1510.2477345012117,1661.3877522421524,"Cat_Face"
"42404344_2.jpg",1764.3547367225365,16.41013435397982,3119.4942384390147,1306.7232999929931,"Cat_Face"
"42363807_4.jpg",473.076096687556,3.5448890677491605,922.70445389436,556.9171682530796,"Cat_Face"
"42423980_4.jpg",384.09077658582083,211.72049972004478,573.5715951492537,443.606522956327,"Cat_Face"
"42423980_4.jpg",369.9976679104477,690.7894736842105,619.0779500932836,960.4913213885778,"Cat_Face"
"42407341_4.jpg",60.903559602649004,18.415995940649495,492.6354770281457,464.74188129899215,"Cat_Face"
"42408019_2.jpg",258.0509666921899,85.88203387458006,1728.2435872894332,1724.4224174132137,"Cat_Face"
"42406976_1.jpg",1985.694403776252,260.5932096277843,3219.0277350060583,1594.0984164346426,"Cat_Face"
"42407176_3.jpg",540.5591139033943,544.5191638087906,1095.3534187336813,1368.7703623670213,"Cat_Face"
"42438763_3.jpg",31.306319316081332,2.4467647676371778,132.78939463955638,121.92900073488241,"Cat_Face"
"42439959_1.jpg",10.066231343283581,97.9577267637178,406.5363805970149,453.97676371780517,"Cat_Face"
"42469887_3.jpg",814.4464259849362,306.2430011198208,1237,828.3258678611421,"Cat_Face"
"42438016_2.jpg",148.32340801886792,45.88597949328108,671.8436025943396,589.9529500279955,"Cat_Face"
"42451472_2.jpg",492.3033756996269,171.8562342525196,1179.9345557369404,842.6737734462487,"Cat_Face"
"42509840_1.jpg",86.50466417910447,1.6685330347144456,278.00652985074623,190.4283314669653,"Cat_Face"
"42531071_0.jpg",34.400895856662935,0.6690929451287793,267.1192609182531,227.84434490481522,"Cat_Face"
"42531071_0.jpg",290.27715565509516,279.72844344904814,504.4428891377379,505.19036954087346,"Cat_Face"
"42521286_0.jpg",410.48029520900644,0.09457384325681492,918.9982709006462,509.1742232335007,"Cat_Face"
"42471591_4.jpg",518.9600161550889,93.4060606060606,1144.8041195476576,793.4424242424242,"Cat_Face"
"42499236_2.jpg",29.121880912961213,3.8644316909294516,437.0525551383633,418.5396836506159,"Cat_Face"
"42559975_1.jpg",20.00826793721973,54.11652260638298,964.6433576233185,1031.5687333776596,"Cat_Face"
"42539070_1.jpg",688.7921641791046,840.6584546472563,1077.3528917910448,1295.8211086226202,"Cat_Face"
"42549602_0.jpg",98.7919679752066,78.81746920492722,700.3880423553719,724.1819708846584,"Cat_Face"
"42551685_2.jpg",60.03667763157895,14.75401998180291,1261.901679981203,1302.094607362822,"Cat_Face"
"42539780_2.jpg",1179.3986146095717,327.3768896976484,2461.509445843829,1854.231802911534,"Cat_Face"
"42539780_2.jpg",2919.6876574307303,666.6191909294513,3130.32241813602,914.6684630459126,"Cat_Face"
"42539780_2.jpg",3646.4357682619648,2672.164753639418,4032,3024.0000000000005,"Cat_Face"
"42565268_1.jpg",40.152183039462635,7.532544792833147,303.69647355163727,108.99776035834267,"Cat_Face"
"42571398_4.jpg",328.33853445290856,1.7290733482642777,582,285.31914893617017,"Cat_Face"
"42584757_0.jpg",134.8582763671875,80.39662653975364,2295.244913736979,2600.9949433090705,"Cat_Face"
"42570566_1.jpg",166.78046218487395,256.342735162374,925.0722163865546,1059.0180571108622,"Cat_Face"
"42592119_2.jpg",1413.5010585806274,134.727227393617,2411.4221724524077,1297.6186835106382,"Cat_Face"
"42642594_4.jpg",77.79747516096802,327.9405707586786,517.2741347968472,808.2911096724523,"Cat_Face"
"42642594_4.jpg",888.5990473745559,54.55937674972004,1282.7393601520869,478.96814634658455,"Cat_Face"
"42592298_2.jpg",1329.845508468645,74.111054731243,2406.0303226483766,1242.2152943029116,"Cat_Face"
"42592260_0.jpg",211.4751900337838,12.25,2871.4227195945946,2290.4506578947367,"Cat_Face"
"42635059_1.jpg",662.0429640436744,538.8426214305711,1256.6190606174691,1139.2876364781632,"Cat_Face"
"42612119_4.jpg",1042.2770780856422,655.9178331466966,2112.2059193954656,1556.1017637178052,"Cat_Face"
"42680193_0.jpg",92.30473102367688,10.237821948488243,370.1754802112349,302.5470106033035,"Cat_Face"
"42706746_4.jpg",204.13735682270917,1120.8776595744682,604.2042766434263,1599.4890817469206,"Cat_Face"
"42706746_4.jpg",420.6004108565737,920.4927211646137,760.7546376992032,1192.4972004479284,"Cat_Face"
"42664210_1.jpg",222.60771668632074,306.03195426231804,1261.7903154481132,1402.0141596094625,"Cat_Face"
"42682914_3.jpg",398.23153409090907,298.98029815229563,642.8267045454545,619.3148096304592,"Cat_Face"
"42682914_3.jpg",486.04403409090907,592.5403485442328,860,977.427666573348,"Cat_Face"
"42682914_3.jpg",98.9346590909091,760.1702127659574,480.15625,1148.360827267637,"Cat_Face"
"42705362_3.jpg",1823.3210820895529,802.6503359462484,2775.761194029851,1843.5965845464725,"Cat_Face"
"42705362_3.jpg",1872.9512126865673,2366.0627099664052,2802.8594216417914,3710.4918812989918,"Cat_Face"
"42724356_4.jpg",590.8005225161552,37.824499648876404,1245.307053968094,634.2877633426966,"Cat_Face"
"42724356_4.jpg",69.36103468295639,158.69536516853927,871.2299323505655,903.352808988764,"Cat_Face"
"42706774_2.jpg",125.83986562150055,348.7895436730123,1569.0911954087346,1617.4583566629337,"Cat_Face"
"42756901_1.jpg",368.0400259918738,275.63967140257563,1310.8739954290154,1331.6873075307954,"Cat_Face"
"42715702_2.jpg",702.8626817447497,667.5961647727273,1461.2084006462037,1584.6279829545456,"Cat_Face"
"42756912_0.jpg",1829.5371536523928,930.1532754759238,2723.4781696053733,1888.8304871220603,"Cat_Face"
"42798809_4.jpg",248.31950625,49.20492721164614,533.6362124999999,395.5968645016797,"Cat_Face"
"42788836_3.jpg",390.3327967525196,56.68699258118701,762.2292308230683,454.4132313829788,"Cat_Face"
"42774602_2.jpg",130.8301859662577,170.30135428331465,1063.3646951687117,1167.9066349384098,"Cat_Face"
"42758532_0.jpg",898.930857035928,264.24399846024636,2551.575973053892,2003.1938164893618,"Cat_Face"
"42791741_0.jpg",1600.4168765743073,308.1435470324748,2946.5327455919396,1655.29766237402,"Cat_Face"
"42810654_2.jpg",1463.4268734256925,704.6111684630458,1968.5335327455919,1176.248206536954,"Cat_Face"
"42810654_2.jpg",1207.6412940806044,604.5260883258678,1392.159949622166,824.0558073208285,"Cat_Face"
"42810654_2.jpg",1316.1012279596976,382.60472074468083,1520.7611775818639,590.5600416433371,"Cat_Face"
"42812475_0.jpg",764.8906833022388,428.27985022396416,1285.360599347015,968.926721724524,"Cat_Face"
"42812475_0.jpg",713.866895988806,892.6922942329228,1291.8636310634329,1427.209021556551,"Cat_Face"
"42810557_3.jpg",1083.797697368421,41.569695723684205,2636.902549342105,1736.5999177631577,"Cat_Face"
"42824847_0.jpg",1050.1161967386915,12.432098765432098,1880.2276447647416,894.2794612794613,"Cat_Face"
"42815472_4.jpg",751.290791599354,2.901198814655173,2757.470516962844,2026.3448275862067,"Cat_Face"
"42841593_0.jpg",149.75078202428148,0,322.79078527626365,186.13486842105263,"Cat_Face"
"42857556_1.jpg",23.74897818572496,39.79020856662934,744.6272129577727,836.4748915173573,"Cat_Face"
"42868502_1.jpg",209.0430082070707,16.53012143057111,1264.8717119107744,1137.0163030165174,"Cat_Face"
"42868937_0.jpg",877.751211631664,166.16548295454547,2452.652665589661,1975.8892045454545,"Cat_Face"
"42848814_1.jpg",270.06455498866217,60.41447805851063,1434.7124433106578,1225.5657151105822,"Cat_Face"
"42880810_4.jpg",43.77221324717286,66.97116657838983,241.2600969305331,291.80568061440675,"Cat_Face"
"42879526_3.jpg",195.2747040942199,126.61631263997761,590.5655765390037,471.9695548712206,"Cat_Face"
"42878669_4.jpg",338.10462962962964,6.799958881578947,2195.2186342592595,1987.4849086646136,"Cat_Face"
"42891843_2.jpg",42.41118840271877,110.4097188199888,381.66086979609173,469.28529622760357,"Cat_Face"
"42879111_3.jpg",1154.8327267637178,716.4228723404256,3035.7117861142215,2616.1289193729003,"Cat_Face"
"42913519_1.jpg",191.80415383538633,32.571930991041434,521.5979668253079,367.8242931131019,"Cat_Face"
"42908346_0.jpg",697.8618424373991,126.42330237515226,1561.4855172152666,1033.7183598507918,"Cat_Face"
"42892211_4.jpg",72.97585227272727,66.03341965285554,828.0478013833991,833.1350346444568,"Cat_Face"
"42892326_0.jpg",295.5608413751508,103.55051879199328,1302.6349894451146,1210.517772781355,"Cat_Face"
"42891889_4.jpg",722.8941176470589,317.34574468085106,2307.565966386555,2009.6808510638298,"Cat_Face"
"42950522_1.jpg",145.39462636439967,142.1241601343785,350.1805205709488,355.72928331466966,"Cat_Face"
"42951278_2.jpg",118.4783362764884,3.5892007278835387,596.7211150353179,522.3117301231803,"Cat_Face"
"42941242_2.jpg",302.0086833602585,28.560224469198566,539.4319466882068,313.138213965311,"Cat_Face"
"42941242_2.jpg",576.2617124394184,254.25696676883973,894.8148222940226,556.6616000672848,"Cat_Face"
"42915306_4.jpg",234.93344955956377,108.32698768197089,417.37148044253354,332.1657334826428,"Cat_Face"
"42951236_3.jpg",979.2128463476071,7.966965285554311,2249.823677581864,1315.0739781634938,"Cat_Face"
"42966157_3.jpg",58.11482537793953,21.506303366461367,256.1715469274916,221.37737961926092,"Cat_Face"
"42951295_4.jpg",117.56182855156723,0,690.246374178463,461.92945128779394,"Cat_Face"
"42958359_1.jpg",145.9741550695825,190.19134938409857,460.06461232604374,520.1763717805152,"Cat_Face"
"42958444_3.jpg",96.57956065731017,471.80853300687795,1447.673083476373,1849.9100534539473,"Cat_Face"
"42951328_3.jpg",489.81324626865677,17.919372900335944,1705.513432835821,1770.4728443449046,"Cat_Face"
"42986500_4.jpg",392.5335852225021,18.195688689809632,620.53946263644,268.7905935050392,"Cat_Face"
"42993957_0.jpg",349.4615869017632,0,834.7323677581865,369.4957306830907,"Cat_Face"
"42985554_3.jpg",100.07458981001726,171.9078947368421,502.1522020725388,558.9389697648377,"Cat_Face"
"42974900_1.jpg",211.056255247691,299.2877939529675,876.5743073047859,896.1433370660693,"Cat_Face"
"42975377_2.jpg",769.5408336568323,648.7946178611422,3029.788189052795,2541.5973194288913,"Cat_Face"
"43019497_1.jpg",35.93318027506964,9.820741181410973,184.54500348189416,157.28102253639415,"Cat_Face"
"43000395_3.jpg",112.58534663865547,15.465338045912654,385.77008928571433,307.3153607922732,"Cat_Face"
"42994771_3.jpg",288.75399786780383,44.562937430011196,767.5786247334754,580.9294250419932,"Cat_Face"
"43011413_2.jpg",1144.9336691855583,2.4053751399776035,2048,993.11758118701,"Cat_Face"
"43011413_2.jpg",302.7774979009236,9.016797312430011,1036.9974811083123,823.693169092945,"Cat_Face"
"43018330_2.jpg",401.59520694576594,52.404841475363945,858.9757076593721,536.6985101133819,"Cat_Face"
"43026024_0.jpg",230.06099559103907,46.84175531914894,410.5709306482364,247.04647256438972,"Cat_Face"
"43028472_0.jpg",136.85878427848775,57.04743928471444,954.3927299653886,844.213754549272,"Cat_Face"
"43028972_4.jpg",579.3414179104478,1681.2992721164612,1624.1305970149256,2728.6654535274356,"Cat_Face"
"43027635_4.jpg",2506.6453579361873,118.21577746102771,3261.0004164983843,933.793613777425,"Cat_Face"
"43029424_4.jpg",2789.091734415514,765.2020926651736,3529.091609496543,1583.8499352603585,"Cat_Face"
"43070645_2.jpg",47.68677841918294,13.84780935050392,302.77603241563054,301.57558790593504,"Cat_Face"
"43079122_2.jpg",87.30503731343283,14.869820828667413,449.09328358208955,366.81550951847703,"Cat_Face"
"43043414_2.jpg",211.27611940298507,216.25979843225085,472.2285447761194,469.98320268757,"Cat_Face"
"43040013_1.jpg",232.25666456759026,612.3456746920493,3084.481947942905,2747,"Cat_Face"
"43051940_2.jpg",271.6903101084184,236.9248932670773,1121.5166015625,1060.7045160274356,"Cat_Face"
"43083979_2.jpg",226.6197945537694,24.635673292273236,538.6459776884701,307.39045002799554,"Cat_Face"
"43084633_2.jpg",209.42180501119822,12.971986982082866,500.8171192609183,308.8199013157895,"Cat_Face"
"43084644_1.jpg",105.50811870100785,81.35148376259798,467.7907159854423,470.0465425531915,"Cat_Face"
"43079994_4.jpg",998.4912313432836,560.315509518477,1811.6848880597017,1332.136058230683,"Cat_Face"
"43095088_1.jpg",972.2216417910448,396.9599664053751,2744.801865671642,2611.607502799552,"Cat_Face"
"43111304_2.jpg",165.5577731092437,138.05186170212767,443.2720588235294,435.32649776035834,"Cat_Face"
"43102784_4.jpg",302.96179680940384,60.96164613661814,492.8253568429891,257.3726203807391,"Cat_Face"
"43103853_1.jpg",423.3308094713657,93.24566069428892,1185.9991912169603,824.2468767497201,"Cat_Face"
"43103036_4.jpg",812.573047858942,14.563899776035836,2716.8683879093196,1764.0573208286676,"Cat_Face"
"43104132_0.jpg",1838.386308562197,92.27242726293105,2720.093699515347,1059.102640086207,"Cat_Face"
"43104132_0.jpg",2962.8447092084007,653.8116918103449,3785.724959612278,1490.666217672414,"Cat_Face"
"43146959_3.jpg",122.65592672413794,4.214550671892497,348.17337015086207,271.44903065509516,"Cat_Face"
"43180870_4.jpg",108.21828358208954,164.66685330347144,377.17723880597015,440.19316909294514,"Cat_Face"
"43140532_0.jpg",198.59063090365237,191.62732712765956,1009.1211626259445,1089.9451462765956,"Cat_Face"
"43146449_1.jpg",637.4518656716418,19.630179171332585,2140.689458955224,1608.2108062709965,"Cat_Face"
"43146449_1.jpg",252.34673507462688,1181.1618141097424,1028.9745335820896,2137.7847144456887,"Cat_Face"
"43123768_0.jpg",139.18739903069468,599.2727272727273,2480.903069466882,2900.0872727272726,"Cat_Face"
"43188862_0.jpg",193.294819772344,23.387458006718923,691.4648766863406,559.6304591265398,"Cat_Face"
"43183250_3.jpg",432.7891791044776,226.79871220604704,840.223880597015,663.7877939529676,"Cat_Face"
"43187447_0.jpg",1874.5553311793215,66.78234011627907,2667.9584006462037,898.8971656976745,"Cat_Face"
"43187447_0.jpg",1498.4636510500807,683.2885174418604,2521.76837641357,1562.485465116279,"Cat_Face"
"43184580_4.jpg",1027.4792191435768,31.37653975363942,3256.9571788413095,2606.1179311310193,"Cat_Face"
"43194994_2.jpg",175.3753491620112,232.82165103583426,1692.695094273743,1897.541638962766,"Cat_Face"
"43215718_0.jpg",94.01219485803324,61.75909854423292,535.1457756232687,530.9750227463605,"Cat_Face"
"43213589_0.jpg",48.61491533864542,94.32394316909294,335.2122758964143,398.6405768826988,"Cat_Face"
"43232128_1.jpg",108.64354754440961,126.11239326707727,373.8482072884012,358.5485328597424,"Cat_Face"
"43232013_3.jpg",200.80786172253636,145.83418277370203,349.99341806340874,294.3020686371332,"Cat_Face"
"43215383_3.jpg",301.4945841633466,945.0033594624861,1714.6698051543824,2489.0123180291157,"Cat_Face"
"43258702_1.jpg",17.81729797979798,0.8776595744680851,259.51373106060606,220.19701847704368,"Cat_Face"
"43242831_0.jpg",178.51819029850745,70.53191489361703,521.5340485074627,437.3516237402016,"Cat_Face"
"43283366_1.jpg",1672.6752543164378,99.57788347205708,2456.1739417154686,978.7762568742572,"Cat_Face"
"43278052_0.jpg",175.87006293402777,96.20156774916013,675.6377061631945,636.2284434490482,"Cat_Face"
"43312732_4.jpg",240.6314228325859,146.96332586786113,2044.516068759342,2058.5463938269877,"Cat_Face"
"43321110_2.jpg",144.98887900355874,15.16022186450168,395.2838634341638,304.3629094344905,"Cat_Face"
"43314011_2.jpg",208.0685314119171,46.579708496640535,750,638.2732275335945,"Cat_Face"
"43314634_3.jpg",705.1167205169629,94.64956647398844,1308.1230815831987,741.5177926300578,"Cat_Face"
"43318802_3.jpg",160.60480613893375,107.20429687499998,428.9005704765751,355.70022615131575,"Cat_Face"
"43318802_3.jpg",431.1467588852989,124.21529605263157,688.6972435379645,385.3539679276316,"Cat_Face"
"43318802_3.jpg",1164.543618739903,141.01628289473683,1415.0379897011308,403.14434621710524,"Cat_Face"
"43318802_3.jpg",324.46448404684975,421.1960731907893,591.7609046849757,609.3157894736842,"Cat_Face"
"43313270_2.jpg",625.6411046042003,113.69069343065694,898.884642568659,435.35652372262774,"Cat_Face"
"43352040_0.jpg",269.0722082283795,74.84462486002239,502.6679261125105,323.56662933930573,"Cat_Face"
"43322605_0.jpg",754.6116310329161,54.70583951271187,1166.5691892164782,505.8545323849879,"Cat_Face"
"43359500_3.jpg",151.55768826987682,32.27052421612542,567.1336961086226,442.53175741881296,"Cat_Face"
"43357086_2.jpg",799.724495515695,2124.878831886898,2424.584454409566,3661.9999999999995,"Cat_Face"
"43368997_2.jpg",1528.2474672228843,362.83563129899215,3024,1908.37695093785,"Cat_Face"
"43394062_1.jpg",191.02319769789986,0,307.09798440024235,107.9498821756114,"Cat_Face"
"43373235_0.jpg",65.62016293921647,71.1954443359375,303.9671281805331,304.4617138671875,"Cat_Face"
"43398568_3.jpg",0,0,1373.2925373134328,1511.7581187010078,"Cat_Face"
"43392054_4.jpg",443.6682061464088,1324.2737349524077,1706.193787407919,2761.687211296193,"Cat_Face"
"43384003_0.jpg",1457.5729415274457,1132.327040173572,2071.0644391408114,1759.627309630459,"Cat_Face"
"43403371_2.jpg",192.89876739443378,96.73708706606942,362.050038987524,267.91755319148933,"Cat_Face"
"43399382_2.jpg",444.3860232362822,276.2423012318029,855.2495975643897,672.3622970324748,"Cat_Face"
"43401859_2.jpg",1582.6544830371568,772.8686771716101,2337.3554119547657,1466.3748675847455,"Cat_Face"
"43399030_4.jpg",594.3477043673013,1051.5146976483763,1655.8626819708848,2025.351483762598,"Cat_Face"
"43402356_1.jpg",491.56618013972053,24.023796192609183,1500.5979291417166,1058.965320548712,"Cat_Face"
"43409661_2.jpg",86.57294804216868,18.12989921612542,371.76018919427713,302.02127659574467,"Cat_Face"
"43419833_3.jpg",514.009570968645,108.6418673012318,893.752187150056,507.8798642217245,"Cat_Face"
"43419896_3.jpg",162.70296752519596,182.97784854423293,572.8027890537514,629.7141832306831,"Cat_Face"
"43407964_2.jpg",1200.1953781512605,80.9121290593505,2606.591911764706,1748.1640187569988,"Cat_Face"
"43419736_4.jpg",719.1601878029079,67.8314774153074,915.3119951534734,315.4292512939147,"Cat_Face"
"43419736_4.jpg",84.46965872374798,3.0801491922835633,412.4810682552504,349.0835751254705,"Cat_Face"
"43429058_3.jpg",254.2441209406495,0.3737402015677492,480,244.3673012318029,"Cat_Face"
"43443971_4.jpg",184.23076923076925,253.61961086226202,692.5439560439561,761.628009518477,"Cat_Face"
"43443971_4.jpg",875.9120879120879,159.31302491601343,1280,593.9364501679731,"Cat_Face"
"43450334_2.jpg",633.6865472560976,101.7838395856663,843.1432926829268,295.25935225363946,"Cat_Face"
"43437430_3.jpg",180.996140438247,474.7806550951848,769.3882283366535,1136.3654815229565,"Cat_Face"
"43440619_1.jpg",1722.0897490912762,568.5255996309963,2704.8262065831987,1549.0720710332102,"Cat_Face"
"43459958_2.jpg",173.60258481421647,238.24420797413794,402.4646607431341,407.50942887931035,"Cat_Face"
"43467035_3.jpg",4.543618739903069,62.11778755647591,465.2665589660743,584.2319277108435,"Cat_Face"
"43494780_0.jpg",17.44621035447761,471.5739212975924,1990.6385494402987,2188.044355403136,"Cat_Face"
"43511198_1.jpg",408.56006606397773,164.88066909294514,1463.745219054242,1220.9236334686452,"Cat_Face"
"43486356_4.jpg",428.58218283582096,1280.9706047032473,1299.0752798507465,2228.45744680851,"Cat_Face"
"43523794_3.jpg",234.1700518719562,13.618508538633819,383.5317224279627,199.1343435050392,"Cat_Face"
"43551557_0.jpg",279.3378937802908,81.67431306947609,1033.1545335218093,807.9706764308086,"Cat_Face"
"43530516_4.jpg",245.86147466405376,74.74541573348264,498.3880704087346,376.1679381298992,"Cat_Face"
"43512961_1.jpg",10.174474959612278,129.83405172413794,473.80613893376415,585.0646551724138,"Cat_Face"
"43538751_3.jpg",52.119036524428935,69.82603845884658,1018.6973300682106,887.458400405935,"Cat_Face"
"43561265_0.jpg",64.55042016806723,23.789193729003358,183.06442577030813,143.83958566629337,"Cat_Face"
"43572753_1.jpg",342.954472309168,119.11106949200914,612.4514085218093,450.90196917808225,"Cat_Face"
"43572753_1.jpg",543.0511819719305,7.918967608447488,830.6054529735461,329.7357305936073,"Cat_Face"
"43569592_0.jpg",1564.2751889168765,0,4026.7764483627197,2357.6718225083987,"Cat_Face"
"43560795_3.jpg",1378.2542910447762,414.72060470324743,2852.1545708955227,1899.6651735722285,"Cat_Face"
"43560186_1.jpg",1674.2256162446122,1237.8845884658456,2375.228653690733,2020.8049062150058,"Cat_Face"
"43613041_4.jpg",10.418843283582088,130.52071668533034,218.39552238805967,404.68924972004476,"Cat_Face"
"43637044_2.jpg",48.878410844556676,3.2147168952967524,230.09483287738493,203.4482257838746,"Cat_Face"
"43598354_4.jpg",348.10009960159357,287.7668323068309,786.8027888446214,759.7654325307951,"Cat_Face"
"43603184_3.jpg",860.1906766780156,255.43791118421055,2005.2748814445526,1407.1066060680294,"Cat_Face"
"43621464_4.jpg",1332.6404282115868,273.4732642777156,2516.9716624685134,1476.5360442329227,"Cat_Face"
"43659624_3.jpg",191.91671772875816,0.8371360582306832,322.54651756535947,159.77393617021275,"Cat_Face"
"43671368_3.jpg",308.5469275210084,376.5731076777716,832.0585477941177,944.2654019106944,"Cat_Face"
"43669784_3.jpg",208.83131277901785,183.1941051931691,422.637890625,353.64997725363946,"Cat_Face"
"43669784_3.jpg",533.0059709821429,200.48947543393058,685.8988839285714,366.4303086506159,"Cat_Face"
"43669784_3.jpg",141.43717215401787,321.1851991181411,311.81017717633927,451.2793603023516,"Cat_Face"
"43642543_0.jpg",659.9920212765958,22.500629899216126,2187.8257978723404,1499.288003919373,"Cat_Face"
"43642543_0.jpg",2304.059210526316,746.5817469204927,2864.1674832026874,1414.1665733482641,"Cat_Face"
"43671157_0.jpg",41.51023821479206,0,901.508196479206,861.1312814949608,"Cat_Face"
"43672009_2.jpg",110.96980359414758,130.25496920492722,595.8338303117048,670.1294792833147,"Cat_Face"
"43682584_2.jpg",735.1351102941176,20.660300601903693,1959.9999999999998,1485.7321791013435,"Cat_Face"
"43699271_3.jpg",917.2948303715671,10.0246875,1416.6369143780291,544.5359375,"Cat_Face"
"43683231_1.jpg",403.8645554468699,466.3650965845465,1871.2375154448107,1857.269334406495,"Cat_Face"
"43712193_0.jpg",38.97387861394558,252.24202127659575,1210.752225499575,1535.6459441489362,"Cat_Face"
"43712210_4.jpg",18.673856522617125,146.5604979356492,170.72397516155087,308.3624181378132,"Cat_Face"
"43758068_1.jpg",119.76765641928493,2.48770821668533,349.04150866738894,283.5559123040314,"Cat_Face"
"43725680_3.jpg",363.3652052238806,0,1140.3917910447763,884.0565509518477,"Cat_Face"
"43741948_3.jpg",0,754.020156774916,1002.5597014925372,1857.357222844345,"Cat_Face"
"43758224_0.jpg",94.06559343434344,85.55291153415453,409.25208333333336,383.2390817469205,"Cat_Face"
"43777692_2.jpg",457.5526802581864,65.07208846584547,799.5920838581025,400.36044232922734,"Cat_Face"
"43758737_3.jpg",278.634326895667,25.435697788353863,616.5037948973774,384.6535204367301,"Cat_Face"
"43774015_0.jpg",83.14324634778511,31.01697228443449,1101.544334648916,932.0607852743561,"Cat_Face"
"43766266_0.jpg",0,0,2864.0403022670025,2916.205977043673,"Cat_Face"
"43786781_3.jpg",729.1609465317919,64.90292553191489,2131.809971098266,1627.0199468085107,"Cat_Face"
"43834677_2.jpg",211.9679959785523,44.54586016237402,533.6544906166221,403.5569971304591,"Cat_Face"
"43815146_4.jpg",243.40802238805972,561.2502799552071,2235.4362873134332,2679.545912653975,"Cat_Face"
"43796881_4.jpg",50.51784026465028,46.13156582446809,1310.204631379962,1406.2687001329787,"Cat_Face"
"43821470_4.jpg",187.16809701492537,134.26763717805153,1992.6109141791044,2097.9104143337067,"Cat_Face"
"43815170_2.jpg",140.43282918149467,441.15826217805153,1326.5171263345196,1413.3406180011198,"Cat_Face"
"43861904_1.jpg",320.0949111470113,22.196969696969695,686.5922859450727,426.2939393939394,"Cat_Face"
"43876822_1.jpg",1054.0628731343284,364.50755879059346,2436.971641791045,1978.0447928331466,"Cat_Face"
"43875928_2.jpg",399.87312180306907,112.91275895856663,1859.1272778132993,1492.103163493841,"Cat_Face"
"43876761_3.jpg",0,267.062150055991,675.3047574626867,1240.8989361702127,"Cat_Face"
"43875955_3.jpg",2008.7158976171245,114.79347172081829,3303.05974858643,1524.027827918171,"Cat_Face"
"43889851_1.jpg",254.63685978169605,73.26357782754759,405.4303106633081,224.6157614781635,"Cat_Face"
"43879349_2.jpg",990.9014741104015,249.43826112821947,1967.6278085082117,1364.9010052141657,"Cat_Face"
"43896993_3.jpg",1019.4063314695389,88.332656774916,2273.12054919045,1403.760008398656,"Cat_Face"
"43898086_4.jpg",891.337160262418,492.0814057250839,2545.4458836105905,2092.194621360582,"Cat_Face"
"43879612_0.jpg",2284.8655909228596,1586.5169952801461,3174.8177188509694,2530.960908952497,"Cat_Face"
"43905733_0.jpg",48.97783864541833,127.73796192609183,574.254233067729,707.4972004479282,"Cat_Face"
"43910595_0.jpg",133.06203358208955,89.59773498740202,595.0693796641791,623.7877414613663,"Cat_Face"
"43927648_1.jpg",0,0,819.5910447761195,945.2631578947369,"Cat_Face"
"43937565_0.jpg",2308.1546849757674,119.47545454545455,3550.68447092084,1508.8072727272727,"Cat_Face"
"43927642_1.jpg",0,0,834.1701492537314,930.4994400895856,"Cat_Face"
"44046022_4.jpg",93.7080223880597,203.40845464725646,537.0440764925373,609.1650335946249,"Cat_Face"
"44002170_1.jpg",245.26645611702128,116.84042553191489,520.7099401595744,416.66289893617017,"Cat_Face"
"44025108_4.jpg",234.50791374190067,54.641447368421055,860.9043264038878,737.1968784994401,"Cat_Face"
"43976507_1.jpg",14.349315932956381,40.09375,250.55785541195476,337.23295454545456,"Cat_Face"
"44015464_3.jpg",225.89382940108894,73.78953929871221,601.4065335753177,504.73732327827554,"Cat_Face"
"44054092_0.jpg",15.905751992031874,34.630459126539755,326.57214890438246,380.30235162374015,"Cat_Face"
"44069879_1.jpg",173.94347014925376,0.6878499440089585,1356.189598880597,1381.1321388577826,"Cat_Face"
"44097642_0.jpg",1155.6231179971987,203.31047469904814,2407.358032796452,1566.506565824468,"Cat_Face"
"44098930_2.jpg",1146.5009328358208,980.2793952967526,2067.255503731343,2145.78359462486,"Cat_Face"
"44051394_1.jpg",293.40046075897715,246.8033708356664,642.2534514417846,609.5408734602464,"Cat_Face"
"44128617_2.jpg",172.8727634194831,0.3726903695408735,570.4522862823062,479.8313969764838,"Cat_Face"
"44099024_1.jpg",746.5315298507462,300.8743001119821,1423.8277052238805,996.4703247480404,"Cat_Face"
"44133450_1.jpg",197.01049440298507,27.19527313129899,1877.4826842350747,1888.8629444288913,"Cat_Face"
"44110071_4.jpg",866.5541561712846,564.6322088465846,1912.2298488664987,1661.5941349384098,"Cat_Face"
"44110071_4.jpg",1876.749370277078,901.9167833146697,3324.4798488664983,2096.0771976483766,"Cat_Face"
"44126148_2.jpg",267.75671445880454,40.17705078125,1076.7253130048466,975.1640136718751,"Cat_Face"
"44182741_1.jpg",126.94101443768996,149.0470149776036,196.6626021086626,223.89352953527435,"Cat_Face"
"44150164_4.jpg",145.57835820895522,78.93896976483762,371.1436567164179,354.84602463605825,"Cat_Face"
"44159285_0.jpg",974.2095974283199,57.11665383538634,2391,1494.7059814179731,"Cat_Face"
"44139389_4.jpg",536.077634529148,180.71121308090707,1361.0355941704036,977.2991496360584,"Cat_Face"
"44200694_4.jpg",782.5869402985076,939.938129899216,2240.4962686567164,2436.047032474804,"Cat_Face"
"44215170_4.jpg",935.6400318053312,12.244857954545454,1523.1892038570275,665.3148768939393,"Cat_Face"
"44225324_0.jpg",416.7539193729003,6.98243281075028,870.2057670772676,537.8693659014558,"Cat_Face"
"44260606_2.jpg",374.68271402310927,98.86898096304591,777.8584952731093,502.973124300112,"Cat_Face"
"44252602_1.jpg",750.7976575121163,10.500680169286577,3366.0137318255247,2574.2317110036274,"Cat_Face"
"44221665_1.jpg",899.1428171641792,1041.775195968645,2402.6801305970152,2614.200167973124,"Cat_Face"
"44303478_3.jpg",47.37786890560166,14.14155235162374,424.4691714211618,442.4840425531915,"Cat_Face"
"44318942_1.jpg",101.49136035036719,227.24450150475926,1078.2518885786412,1305.1231452967527,"Cat_Face"
"44307388_3.jpg",531.23022751896,51.69138437849944,1783.820693391116,1538.8161044232922,"Cat_Face"
"44290441_2.jpg",388.46691433566434,7.3237856942889135,1929.4373033216782,1736.600582656775,"Cat_Face"
"44292964_1.jpg",1250.9190498154983,91.15586506159015,1760.737517297048,579.1181848404256,"Cat_Face"
"44292964_1.jpg",86.34207795202953,1488.5682478303472,852.577317804428,2647.101982432811,"Cat_Face"
"44345797_0.jpg",33.13587116745283,243.67301231802912,270.66037735849056,480.32264837625985,"Cat_Face"
"44334586_2.jpg",7.313109425785482,4.798545982642778,588.2990249187432,461.1812360022397,"Cat_Face"
"44343873_1.jpg",657.474804031355,3.7681970884658456,910.7502799552071,258.16349384098544,"Cat_Face"
"44343873_1.jpg",279.38409854423287,612.0324748040313,644.7144456886897,995.9742441209405,"Cat_Face"
"44327211_3.jpg",145.63946014221557,84.46085438829786,944.7907185628742,931.6479388297872,"Cat_Face"
"44322271_0.jpg",1519.4942447495962,180.42318499392465,3585.0929927302104,2255.4962788578373,"Cat_Face"
"44372917_0.jpg",311.41624040920715,6.750161849104144,802.4392583120205,557.8588282124861,"Cat_Face"
"44383304_4.jpg",15.29140355912744,3.070286254199328,243.26657577497133,262.4373775195969,"Cat_Face"
"44393532_3.jpg",111.38321885486577,6.0246360582306835,665.971555159396,544.9003359462487,"Cat_Face"
"44358998_2.jpg",1572.6725440806044,7.857362821948489,3802.864609571788,2522.0282754759237,"Cat_Face"
"44398943_2.jpg",748.3431989924433,1150.7861842105265,2238.615869017632,2510.2025475923856,"Cat_Face"
"44463752_3.jpg",63.67874094600526,34.229781984882415,225.84964538520632,192.05029570268755,"Cat_Face"
"44446544_1.jpg",329.3777995520717,79.4197928331467,548.5582306830908,320.895156774916,"Cat_Face"
"44462466_3.jpg",258.96212772050404,93.40404535274357,1471.3145135309278,1521.1214524426093,"Cat_Face"
"44426623_4.jpg",177.8172455573506,501.9054545454546,2013.1084410339258,2381.8745454545456,"Cat_Face"
"44426623_4.jpg",2401.309773828756,550.3254545454546,4459.514539579968,2622.256363636364,"Cat_Face"
"44436272_3.jpg",1002.6450428794178,192.78138997760357,1932.313052234927,1104.5163861282194,"Cat_Face"
"44464191_3.jpg",234.1399253731343,179.59126539753638,354.3078358208955,310.3723404255319,"Cat_Face"
"44476145_3.jpg",22.837783454647255,284.45854913213884,326.6657334826428,569.6375454927211,"Cat_Face"
"44476714_1.jpg",85.69951253481894,4.42297732362822,471.36768802228414,431.60179871220606,"Cat_Face"
"44504432_0.jpg",0,0,523.6278337531486,614.1684280515117,"Cat_Face"
"44510127_4.jpg",675.2294921875,637.6354808230683,1220.751953125,1099.8756823908175,"Cat_Face"
"44510607_0.jpg",312.2174090485074,136.22357922732363,603.736182369403,433.06201007838746,"Cat_Face"
"44528581_3.jpg",26.155703771849126,12.737192049272117,586.2465501379945,513.3818370310751,"Cat_Face"
"44537864_0.jpg",44.93488805970149,3.1364781634938406,1151.336240671642,986.2174420842664,"Cat_Face"
"44516911_2.jpg",235.90787906390136,5.266307390817469,1661.3097805142938,1295.9180781075029,"Cat_Face"
"44515814_0.jpg",186.46269495673954,332.1763717805151,1298.1979380122953,1550.544880319149,"Cat_Face"
"44558933_3.jpg",155.41674832026874,148.79605263157893,213.79539211226202,206.93285886758116,"Cat_Face"
"44569563_4.jpg",399.4401567548465,112.6936817354369,589,318.3253185679612,"Cat_Face"
"44557122_0.jpg",380.99972014925373,255.16429871220603,922.0068680037314,843.327967525196,"Cat_Face"
"44600647_1.jpg",978.6744402985075,598.7116461366181,1995.6777985074627,1701.0881858902574,"Cat_Face"
"44544877_2.jpg",527.4356103023516,334.6689529675252,2776.385778275476,2883.993561030235,"Cat_Face"
"44611221_0.jpg",123.13734673024523,22.989571668533035,468.6410347837193,391.980158174692,"Cat_Face"
"44622623_2.jpg",1437.2352369746059,72.21444568868982,2071.1032659260068,742.4770436730124,"Cat_Face"
"44601036_2.jpg",425.5621181040503,126.85470324748042,1129.2116303683658,844.5058790593506,"Cat_Face"
"44628944_2.jpg",203.69793244080398,4.710456326987682,1719.3721606552865,1537.0835316349385,"Cat_Face"
"44628602_0.jpg",1713.4849813432838,850.138787793953,2561.0585820895526,1693.1238801791715,"Cat_Face"
"44636478_0.jpg",76.04838809288538,8.851514382698769,477,447.2063838535835,"Cat_Face"
"44633613_1.jpg",607.4741803278688,0,2731.1617827868854,1911.7088465845463,"Cat_Face"
"44637877_1.jpg",892.3413098236775,291.3970464725644,1959.9162468513855,1587.5444428891378,"Cat_Face"
"44663453_3.jpg",0,150.42749160134375,2179.9880597014926,2819.1970884658454,"Cat_Face"
"44654299_3.jpg",2315.1442065491183,27.752099664053752,3737.471032745592,1666.8059210526317,"Cat_Face"
"44671975_4.jpg",264.7008311035945,46.82852272727273,1063.7056050585622,773.1528409090909,"Cat_Face"
"44686904_1.jpg",707.313182199832,7.248040313549832,1194.769101595298,504.17973124300113,"Cat_Face"
"44663465_3.jpg",994.154104477612,787.3059910414333,2127.3254664179103,1994.8706606942887,"Cat_Face"
"44717922_2.jpg",0,171.9272116461366,1331.3038194444443,1517.1324188129897,"Cat_Face"
"44695431_0.jpg",956.4320429104479,47.101063829787236,3036,2316.5755179171333,"Cat_Face"
"44718143_0.jpg",142.86523656215005,0.8863075657894737,375.7608832586786,268.1153721654535,"Cat_Face"
"44746223_3.jpg",0,82.51271609042553,565.1477634126105,720.21484375,"Cat_Face"
"44731293_1.jpg",172.09208400646204,28.586810228802154,1271.2439418416802,1088.7779273216688,"Cat_Face"
"44718001_0.jpg",182.25529523386214,591.592385218365,1395.3965655771335,1897.4988801791712,"Cat_Face"
"44750866_1.jpg",566.1652757517953,2.559595464725644,2331.156825067325,1919.0021346584547,"Cat_Face"
"44762692_4.jpg",387.93769211065575,144.61436170212767,700.3285549619438,461.520156774916,"Cat_Face"
"44756794_1.jpg",617.7258782483157,76.51502134658455,1092.3679619826758,587.8839498180291,"Cat_Face"
"44789844_0.jpg",275.3675373134328,316.6909294512878,607.6231343283582,636.562150055991,"Cat_Face"
"44790532_0.jpg",11.309779185330347,369.92196248600226,1140.6323663213886,1459.0209878919375,"Cat_Face"
"44797665_3.jpg",1823.2197092084007,31.54909090909091,4012.035339256866,2359.3254545454547,"Cat_Face"
"44798998_0.jpg",234.60601777059773,60.11786849273608,328.0599757673667,174.85595111985472,"Cat_Face"
"44813190_2.jpg",114.21042003231018,3.0307782306763285,323.90953150242325,205.0671799516908,"Cat_Face"
"44813190_2.jpg",280.59168012924073,31.418327294685987,457.1102584814217,251.09220259661834,"Cat_Face"
"44813190_2.jpg",439.27504038772213,71.12132019927536,637.800888529887,331.2028796799517,"Cat_Face"
"44798722_3.jpg",55.64021830394626,94.21402575587906,184.35768261964733,228.4791433370661,"Cat_Face"
"44812575_1.jpg",544.4076423803745,161.18982712765958,1737.5711685159501,1388.4418218085107,"Cat_Face"
"44816184_2.jpg",967.3523411254198,602.3823313269877,2171.271722774356,1864.689897116461,"Cat_Face"
"44843674_1.jpg",107.05670458123424,244.0439529675252,675.1114019206549,748.5428331466966,"Cat_Face"
"44844231_0.jpg",151.5,17.945128779395297,480,391.4081746920493,"Cat_Face"
"44844197_4.jpg",1729.781787817029,30.42869890817469,3509.2812287703805,2115.418948593225,"Cat_Face"
"44818245_4.jpg",251.57714934424325,393.65031844904814,1378.9278776404365,1534.281407474804,"Cat_Face"
"44844269_4.jpg",1090.0703627411576,157.12089253219483,3063,2659.7457000629897,"Cat_Face"
"44844775_2.jpg",21.38339552238806,1.4151735722284435,518.9104477611941,534.3729003359463,"Cat_Face"
"44844355_1.jpg",420.1622292760501,4.006500946969697,1758.015716503433,1312.4235606060606,"Cat_Face"
"44844322_4.jpg",411.725342704461,86.69562744960807,2774.0000000000005,2603.7506167763154,"Cat_Face"
"44852994_2.jpg",113.4,734.359182530795,2749.4916044776123,3036.3283874580065,"Cat_Face"
"44853457_3.jpg",1908.4721444568868,977.6210806270997,3949.2581187010073,3049.289613661814,"Cat_Face"
"44857370_0.jpg",556.0029850746268,609.7200447928332,941.0865671641791,1013.0526315789474,"Cat_Face"
"44872928_2.jpg",60.56464872944694,14.552071668533035,803.5623073150225,892.110862262038,"Cat_Face"
"44867521_2.jpg",24.95729303547963,138.81411849104143,1754.61194152431,1824.2666310890256,"Cat_Face"
"44868041_0.jpg",302.0799875827814,3.3980963045912653,2550.3605477373067,2110.311870100784,"Cat_Face"
"44864789_1.jpg",133.19272001121075,31.029535274356103,421.1334022328101,351.58874580067186,"Cat_Face"
"44873679_1.jpg",608.3261194029851,214.55627099664045,2115.477705223881,1831.9736842105258,"Cat_Face"
"44896240_4.jpg",188.47913230442978,400.68582026875697,1140.9136869698398,1281.3557880739081,"Cat_Face"
"44874287_0.jpg",645.7634328358209,25.09518477043673,2148.313432835821,1713.4417693169094,"Cat_Face"
"44889248_1.jpg",84.9211075638507,211.30219414893617,767.7793007121808,945.7054783734602,"Cat_Face"
"44878421_3.jpg",1334.1083123425692,518.413983762598,2032.1070528967252,1331.7965425531916,"Cat_Face"
"44921721_2.jpg",152.90768413029525,16.723859182530795,440.4542783215661,329.34625209966407,"Cat_Face"
"44938776_1.jpg",90.07618936567165,80.10365341545352,643.8828358208956,626.38710806271,"Cat_Face"
"44921807_0.jpg",17.84451987681971,2.858167693169093,570.9826427771557,598.6745870660694,"Cat_Face"
"44922451_1.jpg",1710.6785326635704,1663.653716695011,2442.328916977989,2488.9557645975055,"Cat_Face"
"44921780_3.jpg",1616.6023320895524,1109.396136618141,2655.4500000000003,2189.5851063829787,"Cat_Face"
"44943172_4.jpg",277.67630597014926,124.65845464725643,467.9580223880597,332.46920492721165,"Cat_Face"
"44943172_4.jpg",0,0,225.67164179104475,182.54479283314666,"Cat_Face"
"44943078_3.jpg",4.908366533864542,79.21990481522954,965.6060756972112,1158.5935050391936,"Cat_Face"
"44951788_2.jpg",110.96641791044776,8.902575587905934,1897.623134328358,1742.0940649496079,"Cat_Face"
"44944692_4.jpg",338.5506379705598,518.3401280795073,1280.9598365106176,1392.348561730123,"Cat_Face"
"44943684_0.jpg",706.7947530864197,90.13779920212767,2870.3262345679013,2008.731216755319,"Cat_Face"
"44983345_1.jpg",30.038284362549803,75.83706606942889,237.18843376494024,282.9255319148936,"Cat_Face"
"45002854_2.jpg",274.1735537190083,68.32985722284435,1024.3091425619837,872.2523358762598,"Cat_Face"
"44970748_0.jpg",299.18405365126677,0,1609.491896423249,1382.365201567749,"Cat_Face"
"44970867_1.jpg",340.14059000559905,0,2745.169267917133,2288.8820338745795,"Cat_Face"
"44954873_3.jpg",1067.802069698953,209.51177561590146,2382.0973085732985,1575.9002047172453,"Cat_Face"
"45030130_4.jpg",72.14417016806722,190.01382278835385,1023.5609243697479,1166.529255319149,"Cat_Face"
"45023331_3.jpg",176.82753864065876,9.840757978723405,2348.736889173866,2102.1554101343786,"Cat_Face"
"45012779_0.jpg",177.11649476600985,133.69902628079507,1111.1712977216748,1144.5847695618702,"Cat_Face"
"45017315_1.jpg",1336.5931902985076,838.9476483762597,2437.05979477612,2221.720044792833,"Cat_Face"
"45042306_4.jpg",143.9153093358245,244.16540541013435,1339.0014389464802,1446.6071178611421,"Cat_Face"
"45071324_3.jpg",256.29699177877427,160.91956536954086,429.2082048766816,337.85563059910413,"Cat_Face"
"45050456_4.jpg",154.25272879932828,0.7180851063829787,591.3811922753988,404.67035274356107,"Cat_Face"
"45073731_0.jpg",0,0,1185.4069017707166,1175.7672916083427,"Cat_Face"
"45058283_2.jpg",1390.3552665780962,38.69970867161255,2416.1704670170984,968.9040847214447,"Cat_Face"
"45050433_2.jpg",1391.041047359675,1631.583431026036,1551.7225927806498,1873.804613136898,"Cat_Face"
"45083255_1.jpg",25.09981343283582,4.2665173572228445,347.49626865671644,351.4305711086226,"Cat_Face"
"45095389_0.jpg",411.74794257198954,65.13997760358343,738.1958115183246,382.64647781355,"Cat_Face"
"45087807_4.jpg",427.1020371638448,481.06606942889135,758.2724803909366,777.4602463605822,"Cat_Face"
"45087807_4.jpg",235.46275834163347,584.5912653975364,537.9370175547809,930.4188129899217,"Cat_Face"
"45087807_4.jpg",533.7543964765937,642.3202687569989,866.6265484935261,971.4490481522956,"Cat_Face"
"45087807_4.jpg",150.08175890189244,960.1343784994401,426.6900445094622,1253.3213885778275,"Cat_Face"
"45087807_4.jpg",403.30498319223113,1168.4300111982084,777.4570079058766,1560.206047032475,"Cat_Face"
"45079065_0.jpg",562.9707737594617,135.9375,1830.5680719091672,1510.616251399776,"Cat_Face"
"45078181_1.jpg",1026.312313432836,1152.3426651735722,1609.4795708955226,1763.5767077267637,"Cat_Face"
"45120432_4.jpg",117.6984025186567,119.59187779955208,250.4709654850746,260.3908874580067,"Cat_Face"
"45120432_4.jpg",0,198.82926231802912,103.52387476679104,350.3452197648377,"Cat_Face"
"45120432_4.jpg",65.21038362873134,0,186.54037430037312,104.68688759798432,"Cat_Face"
"45169553_4.jpg",121.97213402406418,3.4451987681970886,435.7369652406417,320.82004129339305,"Cat_Face"
"45184375_1.jpg",141.51492537313433,215.90145576707727,289.45522388059703,372.4468085106383,"Cat_Face"
"45169003_1.jpg",241.82876275510205,8.515918078107502,850,675.1525055991041,"Cat_Face"
"45141894_2.jpg",1720.3760261194032,27.725643896976482,3024,1830.1217805151173,"Cat_Face"
"45194653_3.jpg",558.0102723551637,0,838.4228884603274,246.59126539753638,"Cat_Face"
"45196047_2.jpg",295.3345932044888,270.3086112472005,1106.45713840399,1089.7816655585107,"Cat_Face"
"45186888_0.jpg",1594.209012772617,31.227193995381064,2605.9494648626815,1098.104792147806,"Cat_Face"
"45191940_0.jpg",2755.9319466882066,789.0340909090909,4630.382926090468,2879.6780303030305,"Cat_Face"
"45210181_0.jpg",139.86757105943153,52.48635218365062,977.03125,897.4489081746922,"Cat_Face"
"45228159_0.jpg",395.3222492121849,74.47368421052632,1023,872.2844344904815,"Cat_Face"
"45220393_3.jpg",345.3864659446764,400.0867861142217,654.645721881524,731.224804031355,"Cat_Face"
"45219839_2.jpg",234.79198152812762,88.33585876259798,1867.2163983784635,1722.78203737402,"Cat_Face"
"45210697_2.jpg",112.30184199892241,90.29605263157895,964.7522056842672,929.6885279605262,"Cat_Face"
"45228292_4.jpg",2497.725363941769,1260.5333146696528,4000,3022.5888857782757,"Cat_Face"
"45249830_2.jpg",1108.699548192771,81.22995258258679,1983.1158480074143,1033.8459065299553,"Cat_Face"
"45263353_2.jpg",45.89064561345646,87.4496955487122,347.67596677110816,434.51980683090704,"Cat_Face"
"45250222_4.jpg",383.66161032749676,19.017917133258678,1382.1821599383916,1180.0746080627098,"Cat_Face"
"45249470_3.jpg",687.0870335820896,131.94036954087346,2416.7720149253732,2170.7124860022395,"Cat_Face"
"45269993_3.jpg",2019.7733729872007,996.5509518477044,3463.3730452621803,2301.6853303471444,"Cat_Face"
"45270420_4.jpg",47.67307692307693,325.7544836576148,371.340059588299,704.9720219764838,"Cat_Face"
"45277005_4.jpg",767.4068287037037,684.83398656215,1603.5445601851852,1582.2312430011198,"Cat_Face"
"45295078_2.jpg",1135.6293417783058,103.1940701987682,1808.3118855337077,879.6356426721725,"Cat_Face"
"45295078_2.jpg",1233.2230310069144,501.193046612542,2002.0945940471047,1244.111601518757,"Cat_Face"
"45277440_3.jpg",2157.1775040387724,221.4970930232559,2838.0024232633286,859.5348837209303,"Cat_Face"
"45309200_2.jpg",2353.4432128359463,843.1800549412094,3814.2512772956325,2492.0346269596866,"Cat_Face"
"45327050_2.jpg",1022.8715365239294,7.8544232922732355,2048,1402.0985442329227,"Cat_Face"
"45326998_0.jpg",298.6611940298508,152.35834266517358,520.4417910447762,382.01567749160137,"Cat_Face"
"45309774_2.jpg",1648.5574010500807,67.29798972188634,3389.0915286752825,2036.5166263603385,"Cat_Face"
"45310085_3.jpg",317.73858321340464,99.08059210526316,1701.2856766550165,1523.8197088465845,"Cat_Face"
"45309374_3.jpg",745.6564949608063,92.246640537514,2346.3997760358343,1722.6763717805152,"Cat_Face"
"45327459_0.jpg",586.9571788413098,155.1882698768197,1324.1634130982366,914.4107292833147,"Cat_Face"
"45335488_4.jpg",496.01448768197093,120.40908454647257,991.4335806270997,590.3908874580068,"Cat_Face"
"45335488_4.jpg",1568.1810610302352,306.7803051511758,2096.0808370660698,724.8614221724524,"Cat_Face"
"45335488_4.jpg",1689.3755599104145,1720.424762038074,2152.009938409855,2176.8264977603585,"Cat_Face"
"45335488_4.jpg",140.85519316909296,1663.9129339305712,685.7300531914893,2216.021206606943,"Cat_Face"
"45328957_0.jpg",396.6460441739606,106.42437709966406,2219.951945432166,1770.8768197088466,"Cat_Face"
"45327990_0.jpg",658.7810816601371,20.751399776035836,1720.9559255631734,1110.5651245800673,"Cat_Face"
"45341728_0.jpg",897.7450478142076,166.10862262038074,2904.275671675774,2369.1769316909295,"Cat_Face"
"45351885_4.jpg",83.47747349823321,28.381858902575587,671.6585412985866,639.3057110862262,"Cat_Face"
"45372822_3.jpg",492.5283582089553,672.188129899216,1852.8523320895524,2101.822508398656,"Cat_Face"
"45360862_4.jpg",668.5522388059702,463.575587905935,2091.323787313433,2119.812430011198,"Cat_Face"
"45366603_3.jpg",1823.747774718238,1754.487384518477,2395.9818615522545,2305.82225468925,"Cat_Face"
"45361584_4.jpg",986.8902985074628,643.686450167973,2066.3764925373134,1810.2270436730123,"Cat_Face"
"45397205_3.jpg",444.78507313829783,386.579454787234,1614.0560172872338,1660.9931848404253,"Cat_Face"
"45377825_3.jpg",258.57988165680473,72.02960526315789,559.3786982248521,391.4666940789474,"Cat_Face"
"45374070_2.jpg",2210.745910743134,158.76760882708584,3851.7846324717284,1761.5191958887544,"Cat_Face"
"45379390_3.jpg",1776.8803526448362,431.7316629339306,3033.2965994962215,1763.964725643897,"Cat_Face"
"45383815_4.jpg",498.6858815089586,37.44776210806271,3268.86835981243,2680.651219554871,"Cat_Face"
"45479016_0.jpg",204.49337923728808,133.9060750279955,426.522378177966,368.6835106382979,"Cat_Face"
"45397214_1.jpg",301.47996007371006,21.80128429451288,1389.1478232493857,1412.677530970045,"Cat_Face"
"45405875_3.jpg",643.5088852988691,326.18986455811137,979.5282714054927,643.4132869249395,"Cat_Face"
"45456333_4.jpg",329.80243389423083,45.74580067189251,1700.6798377403848,1569.3636618141104,"Cat_Face"
"45475563_1.jpg",2031.8381529850749,1700.8059910414331,3024.0000000000005,3004.5814669652855,"Cat_Face"
"45485598_4.jpg",588.1707427536232,196.91543165593504,1192.463768115942,687.3668113101903,"Cat_Face"
"45493468_3.jpg",801.8965718283582,597.7516097424412,1602.6676189365671,1438.4912164053753,"Cat_Face"
"45487668_1.jpg",116.2226207846952,0,2052.683811608301,1772.0024102393618,"Cat_Face"
"45535215_4.jpg",2373.5554156171283,984.8556131019037,3543.77644836272,2020.413703807391,"Cat_Face"
"45510926_4.jpg",589.1657334826427,14.53387458006719,850.6578947368421,265.8300671892497,"Cat_Face"
"45538384_1.jpg",160.31809701492537,66.44736842105263,336.0923507462686,276.3213885778275,"Cat_Face"
"45538776_1.jpg",301.48193432361734,439.8208636618141,1114.3113906016442,1360.0475923852182,"Cat_Face"
"45547029_1.jpg",475.85274429849886,238.53994610862262,1096.4635807592379,996.9878569428892,"Cat_Face"
"45547029_1.jpg",1213.5335324047344,1026.8036989081747,2053.825644125289,1956.365743980963,"Cat_Face"
"45560611_0.jpg",327.5497481108312,72.48880179171333,1815.6801007556674,1525.5188969764838,"Cat_Face"
"45538621_0.jpg",914.7096082089552,19.982222844344903,2103.7277810167907,1393.127694568869,"Cat_Face"
"45602109_2.jpg",154.7319504310345,0,476.74703663793105,287.58190439529676,"Cat_Face"
"45614040_0.jpg",1122.6427586206896,692.1589664403697,2860.605280172413,2574.7685164123745,"Cat_Face"
"45567295_3.jpg",170.06145016797313,478.18798992161254,623.0729983202688,1010.5101483762598,"Cat_Face"
"45620038_3.jpg",1184.7081156716417,1070.0291153415453,1666.5582089552238,1603.1590145576706,"Cat_Face"
"45612979_1.jpg",746.073587546168,76.28765397536394,2258.9107225300095,1835.0562709966407,"Cat_Face"
"45667965_0.jpg",56.83223526305684,29.54069848824188,647,778.9693798992162,"Cat_Face"
"45628154_0.jpg",107.55360729633782,62.82194848824188,470.9789214312406,468.20408734602466,"Cat_Face"
"45643782_4.jpg",1403.8488664987406,103.57054871220603,2555.3633501259446,1414.8002519596862,"Cat_Face"
"45629168_1.jpg",1417.323694029851,1022.0568309070547,2758.818190298508,2308.424412094065,"Cat_Face"
"45664744_4.jpg",2224.9260904684975,280.6657082324455,5034.922455573505,2465.5204297820824,"Cat_Face"
"45702358_1.jpg",177.5310464169381,105.00950097984322,814.1362988599349,810.7687919932811,"Cat_Face"
"45705652_0.jpg",51.05218707074176,39.66685330347144,435.48829198145603,445.3891377379619,"Cat_Face"
"45677034_1.jpg",524.2574517212427,5.163861282194849,845.4784582283795,348.39331956886895,"Cat_Face"
"45713224_4.jpg",1552.6625139977605,1130.7591685330347,2423.8641517357223,1981.6956886898097,"Cat_Face"
"45713086_2.jpg",1286.9275615901456,1025.888507838746,1979.5395436730123,1686.1979983202689,"Cat_Face"
"45731686_1.jpg",36.816545163584635,0,538.4937322190611,504.363399356103,"Cat_Face"
"45731691_0.jpg",55.14162795608107,32.7277260638298,372.45540804476343,357.0628324468085,"Cat_Face"
"45731734_2.jpg",112.11099365750529,0,576.1567455073996,461.993281075028,"Cat_Face"
"45731684_2.jpg",1.6129032258064515,95.68798992161254,434.6774193548387,534.6993980963045,"Cat_Face"
"45761290_4.jpg",394.14114788385825,183.8826987681971,996.7082000492126,794.6485687290034,"Cat_Face"
"45764046_4.jpg",498.3249370277078,260.3541433370661,879.5465994962217,666.2444008958566,"Cat_Face"
"45789064_3.jpg",294.46106213266165,1010.0040243561032,1788.9772250209908,2346.217105263158,"Cat_Face"
"45790496_2.jpg",783.3834379389045,220.7819848824188,1830.5802920909412,1385.094764837626,"Cat_Face"
"45788180_0.jpg",837.8393325928918,81.36643629807692,1422.144095819871,792.5330528846154,"Cat_Face"
"45761559_2.jpg",1937.3497515397537,423.39907614781634,3272.5459826427773,1938.2265625,"Cat_Face"
"45790510_3.jpg",107.82247236246519,57.373132173852184,253.3110310759053,223.469843575028,"Cat_Face"
"45805874_3.jpg",387.2308984047019,294.3762597984322,849.8942065491183,631.8947368421052,"Cat_Face"
"45805874_3.jpg",151.90931989924434,0,402.66666666666663,224.76819708846583,"Cat_Face"
"45812003_3.jpg",111.40848026868177,22.113661814109744,563.144416456759,404.4687849944009,"Cat_Face"
"45805336_4.jpg",41.58890335648149,26.492511198208295,516.0065827546297,518.9634658454647,"Cat_Face"
"45834625_2.jpg",951.0630530973451,18.016149916013436,2739.067865044248,1962.6630695338747,"Cat_Face"
"45835919_3.jpg",347.32276119402985,237.84994400895857,769.7749533582089,697.5871360582307,"Cat_Face"
"45836410_1.jpg",1265.2056145244346,507.38765625,2414.360018679322,1821.5813352272728,"Cat_Face"
"45836410_1.jpg",2171.926434395194,42.86058238636364,3067.500126211632,1030.234090909091,"Cat_Face"
"45834921_0.jpg",675.5339552238806,245.0156774916013,2743.7616604477616,2626.4050951847703,"Cat_Face"
"45844030_1.jpg",48.656654331140345,61.3764610162374,527.8392680921053,496.34798432250835,"Cat_Face"
"45843177_0.jpg",355.99701492537315,495.4535274356103,2290.6276119402983,2583.15117581187,"Cat_Face"
"45863140_0.jpg",150.25859958022392,158.77685820268758,262.50673390858213,270.701287793953,"Cat_Face"
"45867598_2.jpg",493.32491922455574,112.01256295787546,685.7499179624394,299.32992788461536,"Cat_Face"
"45844648_2.jpg",182.27817062043795,117.24272553891377,1195.3953010948906,1283.2654587765958,"Cat_Face"
"45847883_0.jpg",5.7143802966101696,0,555.1083942995234,539.3660064389697,"Cat_Face"
"45862622_2.jpg",2379.9162468513855,1067.3843784994401,3207.7103274559195,1924.352813549832,"Cat_Face"
"45898317_0.jpg",753.2544509462151,1412.092105263158,2157.6460719621514,3043.813549832027,"Cat_Face"
"45953868_1.jpg",982.2170312499999,111.17462206047031,1811.6995861486485,904.8387720464725,"Cat_Face"
"45957982_4.jpg",206.4108364427861,47.2881482712766,1385.406820066335,1196.9745678191491,"Cat_Face"
"45953749_4.jpg",682.9035447761195,737.2340425531914,2112.0573694029854,2389.043952967525,"Cat_Face"
"45975535_3.jpg",184.87194233323493,181.01249737541994,671.2289007157615,746.0670886408175,"Cat_Face"
"45976844_0.jpg",297.3768197088466,12.53919372900336,545.8314669652856,212.25643896976484,"Cat_Face"
"45976844_0.jpg",47.318029115341545,172.02967525195967,296.2262038073908,397.01287793952963,"Cat_Face"
"46006951_3.jpg",239.10622667910445,144.54874720044793,660.0323577425372,628.0795072788354,"Cat_Face"
"46033663_4.jpg",282.988076887145,371.2925269456887,532.2217278587444,596.0476842455207,"Cat_Face"
"46023519_4.jpg",994.9424440298508,1466.3927771556553,1447.8624067164178,1969.0968645016799,"Cat_Face"
"46026112_1.jpg",370.00107758620686,64.0582306830907,2526.4421532131664,2419.0548712206046,"Cat_Face"
"46048879_0.jpg",66.18608272676371,30.346479563269877,971.7825447928332,1013.1205382138859,"Cat_Face"
"46034401_0.jpg",294.5757492991425,358.1546402575588,1131.5383667958445,1240.6369680851064,"Cat_Face"
"46043849_2.jpg",2073.0755667506296,26.760008398656215,3522.3797229219144,1737.4957306830909,"Cat_Face"
"46041429_0.jpg",292.01838080907055,39.077031424972006,2690.711243701008,2630.910974244121,"Cat_Face"
"46048657_3.jpg",1999.7033410138251,143.76282544792832,2563.1221198156686,717.6220910904254,"Cat_Face"
"46048657_3.jpg",1851.0839093702,2179.2543611772116,2412.75633640553,2721.36954087346,"Cat_Face"
"46048657_3.jpg",536.0810291858679,2390.6529911464163,1190.7344470046082,3011.6874956256997,"Cat_Face"
"46048657_3.jpg",68.90745007680492,628.18672137458,662.4222350230415,1294.4369532124858,"Cat_Face"
"46076509_2.jpg",314.7418288073908,77.79474034154535,439.89930361142217,227.4614186730123,"Cat_Face"
"46062985_1.jpg",2910.1001615508885,1409.3119886363636,4151.643881260097,2516.7763115530306,"Cat_Face"
"46054012_0.jpg",2585.676471388164,871.9786096724523,3512.66840391101,1878.221064004759,"Cat_Face"
"46076645_4.jpg",236.77224770642204,301.6688829787234,1952.831766055046,2105.425199468085,"Cat_Face"
"46075905_4.jpg",99.63214954242929,231.36666258398657,2272.298025426373,2519.6564337206046,"Cat_Face"
"46083614_3.jpg",157.973021955261,60.482686520156776,490.07579484258497,411.5596129619261,"Cat_Face"
"46083614_3.jpg",431.9441927299089,40.81219379899216,750.386417771334,377.8558318169093,"Cat_Face"
"46107722_1.jpg",173.8773554104478,153.87555991041432,434.0344449626866,449.34238521836505,"Cat_Face"
"46090991_2.jpg",0,228.16882396449705,169.77436831078353,555.7662352071006,"Cat_Face"
"46105891_1.jpg",240.21725440806046,250.27155655095186,1905.9351385390428,1936.1388577827547,"Cat_Face"
"46107947_4.jpg",247.7098880597015,1411.9795632698767,1382.7324626865675,2397.8449048152293,"Cat_Face"
"46109629_4.jpg",61.28684155518395,42.24431340985443,806.893725613155,774.3963028415453,"Cat_Face"
"46131342_4.jpg",19.210543812989922,49.61663633818589,1453.1660309350505,1467.3917798152295,"Cat_Face"
"46124565_0.jpg",1135.0582306830906,5.807040873460247,3024,2027.7154955207168,"Cat_Face"
"46124636_2.jpg",666.9931764939887,472.3249930011198,1477.8252906205798,1435.0175759378499,"Cat_Face"
"46135418_3.jpg",33.34853753810975,0,1546.3493950076218,1711.0182320828667,"Cat_Face"
"46156070_0.jpg",77.48227611940298,50.673292273236285,486.6086753731343,463.2950727883539,"Cat_Face"
"46183239_0.jpg",213.03113339552237,205.2731312989922,571.8358208955224,613.1690929451288,"Cat_Face"
"46162532_3.jpg",942.4567164179105,688.0358342665173,1536,1284.9540873460246,"Cat_Face"
"46186209_1.jpg",1290.6580651324728,188.2361947088466,2745.899003623188,1670.4730368141097,"Cat_Face"
"46182695_3.jpg",1562.9609440596137,141.23088430851064,2299.6917965470193,891.9657142357224,"Cat_Face"
"46230617_2.jpg",320.78442492292606,26.33573628219485,538.2578343960203,237.7142532194849,"Cat_Face"
"46197783_2.jpg",660.583208955224,1476.0730683090703,2082.367444029851,2789.1256998880176,"Cat_Face"
"46202782_3.jpg",1611.6241027227722,237.4714970604703,2622.027838799505,1308.8779482782754,"Cat_Face"
"46187678_2.jpg",2206.243073047859,153.708006718925,3688.634130982368,1814.2835946248601,"Cat_Face"
"46205041_4.jpg",953.5824937027708,131.03541433370663,1931.3255667506296,1095.5068589025757,"Cat_Face"
"46238097_1.jpg",457.75083963056255,86.67413213885779,734.1073677581865,345.0666643337066,"Cat_Face"
"46250133_0.jpg",57.86354166666666,6.30080312150056,252.0183159722222,209.2830434630459,"Cat_Face"
"46241829_1.jpg",156.15201567749162,0,660.8517637178052,514.4456886898097,"Cat_Face"
"46263903_0.jpg",459.08231522617126,63.396172833588956,843.0398702544427,485.2452370111196,"Cat_Face"
"46249185_3.jpg",1174.0052663880042,215.40553261478163,1973.7922720939491,1105.649924762038,"Cat_Face"
"46267503_0.jpg",5.039811343890135,0,532.0870191633969,528.6387353023516,"Cat_Face"
"46267441_0.jpg",875.8807893077354,17.309070548712207,2064.65942930213,1159.5025545912656,"Cat_Face"
"46275173_1.jpg",1328.4186423922172,231.73553856382978,2255.1863976763716,1148.2018652015677,"Cat_Face"
"46266029_2.jpg",1244.6202770780856,477.71178611422175,2514.5913098236774,1759.229143337066,"Cat_Face"
"46300784_3.jpg",2734.8136020151132,697.9031354983204,3076.195843828715,1111.2348124300113,"Cat_Face"